startTime,openPrice,highPrice,lowPrice,closePrice,volume,turnover
2025-01-27 20:00:00,99692.93,99904.59,99674.21,99869.54,82.30241,8214787.44520021
2025-01-27 19:45:00,99738.29,99752.54,99397.24,99692.93,263.223964,26202775.49065349
2025-01-27 19:30:00,99694.4,99955.01,99564.65,99738.29,266.430542,26578663.0145484
2025-01-27 19:15:00,99207.08,99783.68,99186.59,99694.4,266.791229,26544536.2515046
2025-01-27 19:00:00,99198.43,99684,99174.68,99207.08,304.825805,30307741.0263003
2025-01-27 18:45:00,99163.56,99395.93,98850.31,99198.43,354.406909,35122244.54232782
2025-01-27 18:30:00,99171.01,99545.64,99060.14,99163.56,269.558283,26760805.7398941
2025-01-27 18:15:00,99489.04,99755.86,99129.71,99171.01,283.492178,28203814.31094341
2025-01-27 18:00:00,99149.61,99580.28,99051,99489.04,315.749439,31369914.22783358
2025-01-27 17:45:00,99573.51,99803.77,99139.12,99149.61,353.851911,35181637.59927009
2025-01-27 17:30:00,99567.06,99980,99373.46,99573.51,540.65268,53935627.82681235
2025-01-27 17:15:00,99584.94,99661.32,99045,99567.06,547.499481,54414295.17345201
2025-01-27 17:00:00,99740.08,100047.03,99271.35,99584.94,609.529726,60750730.61136398
2025-01-27 16:45:00,99962.72,100271.1,99571.24,99740.08,794.307493,79338895.2073238
2025-01-27 16:30:00,100814.94,100814.94,99558.57,99962.72,970.704193,97148240.88915166
2025-01-27 16:15:00,101042.85,101166.02,100554.33,100814.94,513.434639,51782481.88301117
2025-01-27 16:00:00,101110.83,101248.51,100839.9,101042.85,463.48182,46821647.72499095
2025-01-27 15:45:00,101332.02,101564.53,101100,101110.83,373.058737,37803923.97632207
2025-01-27 15:30:00,101656.11,101838.37,101291.09,101332.02,505.719529,51385273.83822248
2025-01-27 15:15:00,101535.38,101983.88,100825.1,101656.11,609.615461,61781874.8590634
2025-01-27 15:00:00,101910.28,102117.21,101508.01,101535.38,759.966771,77377195.96231243
2025-01-27 14:45:00,101214.68,102328.29,101120.32,101910.28,861.776008,87782531.10966312
2025-01-27 14:30:00,100765.99,101425.97,100399.48,101214.68,898.964049,90768572.97303156
2025-01-27 14:15:00,100146.4,100838.2,100146.4,100765.99,350.731154,35271617.19414702
2025-01-27 14:00:00,100492.86,100600.79,100103.6,100146.4,299.425096,30061160.24664498
2025-01-27 13:45:00,100858.48,100971.06,100004,100492.86,531.714618,53419799.19383028
2025-01-27 13:30:00,100886.74,101228.91,100673.37,100858.48,427.404272,43166776.45920488
2025-01-27 13:15:00,101611,101656.43,100611.48,100886.74,475.596593,48092694.83408422
2025-01-27 13:00:00,100606.25,101644.39,100295.14,101611,699.725691,70680291.96094938
2025-01-27 12:45:00,99760.6,100865.94,99629.26,100606.25,732.61655,73437993.32150485
2025-01-27 12:30:00,99091.1,99760.6,99009.2,99760.6,433.504943,43072054.85361775
2025-01-27 12:15:00,99031.65,99174.65,98900.08,99091.1,321.340575,31831939.41437828
2025-01-27 12:00:00,98748.53,99251.88,98704.14,99031.65,377.765897,37394780.48285724
2025-01-27 11:45:00,98974.18,99049.54,98748.52,98748.53,311.246227,30796841.46162654
2025-01-27 11:30:00,99058.76,99358.61,98900.73,98974.18,316.729153,31385392.89932903
2025-01-27 11:15:00,98725.05,99149.29,98588.91,99058.76,449.908854,44539483.28014589
2025-01-27 11:00:00,98393.02,98931.86,98318.73,98725.05,506.960046,50011396.90828583
2025-01-27 10:45:00,98776.43,99050.99,98264.09,98393.02,498.95878,49194945.27934738
2025-01-27 10:30:00,99105.6,99155.85,98602.2,98776.43,457.897128,45257197.67729504
2025-01-27 10:15:00,99153.94,99319.58,98965.68,99105.6,308.067549,30539529.18032477
2025-01-27 10:00:00,99427.26,99464.78,99130.97,99153.94,347.326587,34488013.94249092
2025-01-27 09:45:00,99168.82,99445.7,99087.01,99427.26,384.829027,38199546.21846733
2025-01-27 09:30:00,98819.86,99366.38,98800,99168.82,395.754875,39226650.22489859
2025-01-27 09:15:00,99305.97,99550.45,98806.2,98819.86,420.636798,41719306.82539134
2025-01-27 09:00:00,99024.12,99500,98928.18,99305.97,408.789167,40563828.5891273
2025-01-27 08:45:00,98808,99062.81,98750,99024.12,410.966923,40659734.2431673
2025-01-27 08:30:00,99138.88,99145.03,98680.98,98808,413.488814,40892499.31091928
2025-01-27 08:15:00,99143.35,99356.17,98868.82,99138.88,436.664952,43303224.85723714
2025-01-27 08:00:00,99034.32,99200,98685.64,99143.35,559.086613,55311957.90970875
2025-01-27 07:45:00,99140.56,99431.27,98883.69,99034.32,494.891427,49067093.1858276
2025-01-27 07:30:00,97793.81,99228.65,97777.56,99140.56,803.065687,79068541.07609872
2025-01-27 07:15:00,98968.46,99038,97750.4,97793.81,908.632237,89402120.51835726
2025-01-27 07:00:00,98949.64,99232.44,98832.69,98968.46,386.930942,38327332.27580935
2025-01-27 06:45:00,99116.48,99399.84,98700,98949.64,676.604635,67003163.9724069
2025-01-27 06:30:00,99980.36,99980.36,99028.88,99116.48,691.450374,68786364.56985407
2025-01-27 06:15:00,100254.78,100254.78,99756.26,99980.36,409.537883,40928435.01602425
2025-01-27 06:00:00,100364.18,100498.8,100164.18,100254.78,300.313077,30142864.51715202
2025-01-27 05:45:00,100300.18,100419.18,99714.28,100364.18,559.655718,55980906.23185639
2025-01-27 05:30:00,100460.65,100535.57,100021,100300.18,475.004222,47632465.16652302
2025-01-27 05:15:00,100581.93,100728.32,100286.91,100460.65,324.501556,32610527.98102803
2025-01-27 05:00:00,100398.37,100697.8,100345.46,100581.93,385.243379,38720856.40476753
2025-01-27 04:45:00,100601.58,100601.58,100250,100398.37,438.741455,44055245.41279464
2025-01-27 04:30:00,100918.93,100998,100454.55,100601.58,508.390386,51178752.77151297
2025-01-27 04:15:00,101033.39,101157.74,100555.96,100918.93,364.307504,36759014.49005939
2025-01-27 04:00:00,101388.79,101396.9,100937.5,101033.39,343.570089,34750720.68748073
2025-01-27 03:45:00,101500.77,101531.16,101292.22,101388.79,209.863205,21278388.24863224
2025-01-27 03:30:00,101807.06,101807.06,101355.55,101500.77,203.711299,20685314.93550966
2025-01-27 03:15:00,101423.73,101877.1,101353.53,101807.06,228.250691,23194964.15073029
2025-01-27 03:00:00,100997.01,101453.55,100718.35,101423.73,440.353665,44514414.82584518
2025-01-27 02:45:00,101213.44,101238.19,100865.73,100997.01,426.64131,43093023.45061315
2025-01-27 02:30:00,101333.17,101358.03,101024.3,101213.44,416.30753,42123413.45564289
2025-01-27 02:15:00,101557.68,101695.48,101193.26,101333.17,315.672938,32019929.09338437
2025-01-27 02:00:00,101295.39,101571.17,100837.3,101557.68,654.994399,66312494.86890952
2025-01-27 01:45:00,101712.92,101782.44,101292.68,101295.39,432.644616,43942373.0347327
2025-01-27 01:30:00,101666.27,101975.68,101498.08,101712.92,372.36849,37872987.94626693
2025-01-27 01:15:00,101414.65,101922.69,101215.81,101666.27,451.507384,45904210.02256138
2025-01-27 01:00:00,101733.85,102083.73,101139.22,101414.65,612.48043,62241410.36991959
2025-01-27 00:45:00,102490.53,102542.8,101583.32,101733.85,630.486592,64336636.86254404
2025-01-27 00:30:00,102849.91,102918.34,102486.91,102490.53,390.339387,40076839.43811629
2025-01-27 00:15:00,102978.42,103043.42,102733.93,102849.91,253.901587,26113509.02998954
2025-01-27 00:00:00,102608.32,103265.39,102301,102978.42,411.537265,42305920.98490553
2025-01-26 23:45:00,102964.43,103099.77,102500,102608.32,401.229067,41237098.34582467
2025-01-26 23:30:00,103126.89,103126.9,102733.52,102964.43,377.278447,38821832.6025118
2025-01-26 23:15:00,103351.39,103358.3,102662.88,103126.89,797.272623,82112263.74852816
2025-01-26 23:00:00,104334.44,104334.44,103294.18,103351.39,526.842366,54640190.67334403
2025-01-26 22:45:00,104696.11,104700.28,104304.33,104334.44,78.968158,8247435.89642362
2025-01-26 22:30:00,104525.57,104702.04,104525.57,104696.11,53.713447,5620386.23743293
2025-01-26 22:15:00,104434.92,104561.7,104376.6,104525.57,52.358608,5469761.87252691
2025-01-26 22:00:00,104560.36,104686.6,104329.65,104434.92,226.789962,23700210.92412908
2025-01-26 21:45:00,104804.1,104804.11,104555.5,104560.36,127.056302,13297481.49752688
2025-01-26 21:30:00,104889.99,104911.22,104788.14,104804.1,50.240981,5267335.17610497
2025-01-26 21:15:00,104753.02,105003.67,104750.97,104889.99,96.237609,10094991.37377215
2025-01-26 21:00:00,104959.8,104963.03,104726.51,104753.02,179.840516,18847471.87716639
2025-01-26 20:45:00,105054.16,105104.62,104930.16,104959.8,40.19879,4221407.7826521
2025-01-26 20:30:00,105167.61,105174.13,105037.3,105054.16,36.670493,3853876.90799909
2025-01-26 20:15:00,105014.43,105203.25,105013.04,105167.61,56.75749,5965866.53668207
2025-01-26 20:00:00,105085.44,105085.44,104961.13,105014.43,46.002493,4831038.13490174
2025-01-26 19:45:00,105083.71,105112.6,105063.35,105085.44,32.136817,3377143.59275568
2025-01-26 19:30:00,105075.55,105160.53,105033.21,105083.71,38.440729,4040285.60816474
2025-01-26 19:15:00,105102.34,105129.38,105052.02,105075.55,29.632847,3114304.54066572
2025-01-26 19:00:00,105187.9,105251,105090.68,105102.34,38.472793,4046148.03397148
2025-01-26 18:45:00,105156.58,105187.91,105097.47,105187.9,37.535686,3946210.37683112
2025-01-26 18:30:00,105197.93,105272.5,105156.57,105156.58,56.819318,5978236.46604971
2025-01-26 18:15:00,105093.68,105274.04,105093.67,105197.93,132.44939,13934187.40805306
2025-01-26 18:00:00,104943.95,105158.99,104908.61,105093.68,123.256507,12950402.17164725
2025-01-26 17:45:00,104973.67,105050,104937.92,104943.95,43.38023,4554614.7504391
2025-01-26 17:30:00,104940.88,105056.92,104937.95,104973.67,31.896972,3348967.06506366
2025-01-26 17:15:00,104995.99,105023.84,104940.87,104940.88,19.461376,2043178.85300072
2025-01-26 17:00:00,104943.6,105000,104916.71,104995.99,28.618602,3003450.11441128
2025-01-26 16:45:00,105020.37,105042.08,104928.27,104943.6,41.060278,4310231.74383625
2025-01-26 16:30:00,104970.31,105042.61,104961.35,105020.37,50.97121,5352363.93026038
2025-01-26 16:15:00,104913.31,104987.75,104907.06,104970.31,39.910715,4188547.41747024
2025-01-26 16:00:00,104974.26,105028.09,104913.03,104913.31,75.734459,7948947.57350346
2025-01-26 15:45:00,104988.18,105033.8,104968.72,104974.26,28.018554,2942110.42165173
2025-01-26 15:30:00,105004.26,105070.4,104962.43,104988.18,82.127468,8624685.92976045
2025-01-26 15:15:00,104986.55,105095.36,104986.55,105004.26,72.599714,7626397.45501346
2025-01-26 15:00:00,104945.23,105047.38,104884.58,104986.55,76.513477,8031895.8751025
2025-01-26 14:45:00,104964.5,105018.97,104913.23,104945.23,69.310292,7275141.3982164
2025-01-26 14:30:00,104850.01,104974.25,104850,104964.5,48.059356,5042391.32299969
2025-01-26 14:15:00,104845.15,104911.87,104805.2,104850.01,46.925533,4921062.24377234
2025-01-26 14:00:00,104971.18,104973.79,104812,104845.15,68.238806,7156635.99575084
2025-01-26 13:45:00,104941.93,104972.93,104847.03,104971.18,41.376921,4340620.53553006
2025-01-26 13:30:00,104923.99,105055.79,104877.44,104941.93,80.948898,8495949.20320747
2025-01-26 13:15:00,104993.83,105018.5,104834.27,104923.99,71.102238,7459719.07932805
2025-01-26 13:00:00,104899.38,105038.57,104854.42,104993.83,127.857306,13417205.74341652
2025-01-26 12:45:00,104725.62,104899.38,104725.62,104899.38,33.251683,3485201.79467644
2025-01-26 12:30:00,104778.68,104778.69,104704.61,104725.62,30.047081,3147002.45174879
2025-01-26 12:15:00,104729.51,104793.32,104706,104778.68,36.151048,3786927.02723646
2025-01-26 12:00:00,104826,104826.01,104714.41,104729.51,22.669163,2375358.6641898
2025-01-26 11:45:00,104746.96,104853.89,104676.78,104826,45.56448,4773050.67596147
2025-01-26 11:30:00,104701.61,104800.63,104664.67,104746.96,39.704447,4158676.2386722
2025-01-26 11:15:00,104802.85,104853.75,104676.55,104701.61,42.333662,4435630.63190666
2025-01-26 11:00:00,104716.07,104826.19,104692.29,104802.85,76.118258,7974370.08378026
2025-01-26 10:45:00,104505.78,104730.99,104492.63,104716.07,68.694379,7184879.75360966
2025-01-26 10:30:00,104630.68,104706.8,104498.4,104505.78,86.506018,9048331.99016183
2025-01-26 10:15:00,104688.46,104688.46,104513.29,104630.68,43.428168,4541848.70029588
2025-01-26 10:00:00,104629.12,104695.13,104622.51,104688.46,41.858476,4381075.54237807
2025-01-26 09:45:00,104634.73,104691.38,104538.72,104629.12,95.626468,10003332.80429672
2025-01-26 09:30:00,104857.55,104872.65,104438.36,104634.73,357.192473,37363941.0800205
2025-01-26 09:15:00,104959.82,105007.65,104804.27,104857.55,73.97694,7760251.47531364
2025-01-26 09:00:00,105029.62,105039.21,104914.18,104959.82,32.870854,3450200.34971192
2025-01-26 08:45:00,104990.51,105137.14,104955.09,105029.62,57.011083,5989535.64349474
2025-01-26 08:30:00,104977.23,105001,104870.66,104990.51,48.981587,5140496.40878254
2025-01-26 08:15:00,105088.57,105141,104977.23,104977.23,51.42933,5402342.17232937
2025-01-26 08:00:00,105003.1,105226.21,104885.6,105088.57,152.525634,16024204.84305284
2025-01-26 07:45:00,105021,105050.77,104985.6,105003.1,30.681236,3222032.27002873
2025-01-26 07:30:00,105008.45,105057.69,104951,105021,46.649165,4897851.56914047
2025-01-26 07:15:00,104971.95,105103.43,104942.5,105008.45,55.737497,5853691.21491187
2025-01-26 07:00:00,105003.45,105043.01,104970.81,104971.95,27.395463,2876699.4212234
2025-01-26 06:45:00,104993.96,105048.15,104979.57,105003.45,24.690682,2592801.18135329
2025-01-26 06:30:00,105073.38,105097.89,104966.07,104993.96,37.314036,3919071.23077421
2025-01-26 06:15:00,105090.43,105109.95,105031.18,105073.38,32.921108,3459133.23377525
2025-01-26 06:00:00,105089.82,105129.75,105022.25,105090.43,35.351996,3715019.84577002
2025-01-26 05:45:00,105093.73,105192.7,105085.94,105089.82,48.012178,5048024.70175632
2025-01-26 05:30:00,105053.69,105101,105006.06,105093.73,47.579278,4998180.7597793
2025-01-26 05:15:00,105146.27,105199.9,105051,105053.69,55.396706,5822285.97477928
2025-01-26 05:00:00,105184.74,105218.56,105089.48,105146.27,57.312102,6025740.25312846
2025-01-26 04:45:00,105210.45,105251,105108.04,105184.74,138.536695,14570873.51149984
2025-01-26 04:30:00,105359.17,105398.9,105172.61,105210.45,136.32446,14349892.46468586
2025-01-26 04:15:00,105105.55,105521,105066.58,105359.17,144.425643,15205552.31040848
2025-01-26 04:00:00,105053.74,105149.26,104983.49,105105.55,81.84636,8599225.30842302
2025-01-26 03:45:00,105081.72,105233.27,104991.69,105053.74,188.72383,19839697.36680709
2025-01-26 03:30:00,104779.05,105099.13,104764.51,105081.72,136.5431,14329557.77185721
2025-01-26 03:15:00,104770.17,104842.26,104735.81,104779.05,49.945291,5233465.77263835
2025-01-26 03:00:00,104701.62,104818.6,104698.79,104770.17,63.979457,6702633.52990318
2025-01-26 02:45:00,104637.59,104701.63,104571.75,104701.62,27.892731,2918317.70016136
2025-01-26 02:30:00,104713.64,104726,104576,104637.59,41.065722,4297343.88825674
2025-01-26 02:15:00,104616.47,104713.64,104583.38,104713.64,55.575853,5816281.48917198
2025-01-26 02:00:00,104622.41,104630.16,104530.9,104616.47,70.090733,7329026.64048074
2025-01-26 01:45:00,104632.28,104683.14,104550.45,104622.41,52.611355,5504128.36954339
2025-01-26 01:30:00,104705.21,104788.37,104617.87,104632.28,59.299546,6208581.81278593
2025-01-26 01:15:00,104619.67,104719.24,104590.11,104705.21,36.412878,3810848.34994258
2025-01-26 01:00:00,104612.47,104663.87,104523.61,104619.67,68.297272,7143160.81064652
2025-01-26 00:45:00,104665.99,104751.26,104521.74,104612.47,59.671685,6244245.20310713
2025-01-26 00:30:00,104665.85,104732.84,104595.77,104665.99,58.187454,6089815.52262967
2025-01-26 00:15:00,104744.13,104797.88,104644.07,104665.85,47.041504,4926475.49169238
2025-01-26 00:00:00,104756.95,104860.95,104701,104744.13,78.620576,8239144.03660932
2025-01-25 23:45:00,104901.72,104915.48,104701.4,104756.95,82.069629,8601587.71073474
2025-01-25 23:30:00,104989.76,104989.76,104882.43,104901.72,39.418294,4136222.0430666
2025-01-25 23:15:00,104976.61,105009.32,104951.01,104989.76,42.540446,4465835.75214648
2025-01-25 23:00:00,105080.98,105139.3,104865.32,104976.61,132.823473,13945966.24973693
2025-01-25 22:45:00,105064.21,105144.71,105042.14,105080.98,20.819576,2188020.39963787
2025-01-25 22:30:00,105032.67,105178.93,105012.69,105064.21,33.500314,3520583.41910015
2025-01-25 22:15:00,105077.01,105137.37,105032.67,105032.67,21.208406,2228761.99403175
2025-01-25 22:00:00,105095.28,105260.16,105077.01,105077.01,96.814849,10184305.95872167
2025-01-25 21:45:00,104950.02,105114.94,104890.79,105095.28,71.833986,7544372.08671822
2025-01-25 21:30:00,104985.49,105003.66,104876.01,104950.02,59.349952,6228155.81353562
2025-01-25 21:15:00,104928.3,105009.2,104898.02,104985.49,51.189079,5372646.83410429
2025-01-25 21:00:00,104971.12,105014.98,104873.18,104928.3,76.017391,7978060.68537921
2025-01-25 20:45:00,105050.75,105123.59,104962.09,104971.12,39.336853,4132097.71188183
2025-01-25 20:30:00,105084.43,105170.47,104972.36,105050.75,77.474996,8140056.31737309
2025-01-25 20:15:00,105116.75,105201.87,105034.18,105084.43,41.820717,4396566.84120019
2025-01-25 20:00:00,105056.64,105181.52,105034.23,105116.75,52.836528,5553697.45496404
2025-01-25 19:45:00,104997.53,105078.85,104908.88,105056.64,41.337989,4339366.41910791
2025-01-25 19:30:00,105009.76,105062.26,104972.02,104997.53,68.427419,7185257.16416145
2025-01-25 19:15:00,105076.49,105193.69,104978.56,105009.76,118.233161,12427589.49916251
2025-01-25 19:00:00,104993.28,105177.78,104993.28,105076.49,130.352893,13699471.21713803
2025-01-25 18:45:00,104983.5,105076,104917.62,104993.28,101.612981,10668456.08213723
2025-01-25 18:30:00,105031.96,105298.91,104977.54,104983.5,186.291255,19590395.30762809
2025-01-25 18:15:00,104850.83,105090.7,104824.33,105031.96,171.253527,17978847.80835736
2025-01-25 18:00:00,104884.88,105083.24,104850.82,104850.83,164.922328,17313520.10989829
2025-01-25 17:45:00,104603.11,104924.43,104548.28,104884.88,137.366182,14391427.73303398
2025-01-25 17:30:00,104768.78,104810.47,104563.48,104603.11,107.794999,11282352.05493217
2025-01-25 17:15:00,104603.73,104834,104454.46,104768.78,228.934071,23955684.72318878
2025-01-25 17:00:00,104652.58,104688.34,104537.24,104603.73,83.712392,8757271.6829971
2025-01-25 16:45:00,104627.22,104735.93,104589.55,104652.58,94.972041,9939938.39864443
2025-01-25 16:30:00,104786.54,104817.98,104585.46,104627.22,154.07365,16132434.33746282
2025-01-25 16:15:00,104919.13,104962.54,104717,104786.54,114.066497,11959274.23907735
2025-01-25 16:00:00,104900.28,104992.2,104820.84,104919.13,104.157505,10927736.91688349
2025-01-25 15:45:00,104810,104929.48,104751,104900.28,90.039897,9439414.01460384
2025-01-25 15:30:00,104920,105029.08,104781.83,104810,144.988511,15212880.69527798
2025-01-25 15:15:00,104924.52,105100,104796.81,104920,263.299731,27632020.50442855
2025-01-25 15:00:00,104591.41,104989.47,104591.41,104924.52,198.341458,20779440.89835852
2025-01-25 14:45:00,104542.1,104628.31,104484.86,104591.41,65.353546,6833156.9417545
2025-01-25 14:30:00,104606.92,104651.51,104458.55,104542.1,58.522848,6119471.89909406
2025-01-25 14:15:00,104570.76,104656.26,104556.17,104606.92,64.138521,6709240.45210884
2025-01-25 14:00:00,104710.42,104724.72,104528,104570.76,96.065534,10049737.69728935
2025-01-25 13:45:00,104749.44,104781.45,104623.55,104710.42,68.998147,7223696.06075906
2025-01-25 13:30:00,104719.91,104790.49,104689.07,104749.44,72.975347,7643256.30082618
2025-01-25 13:15:00,104818.12,104856.8,104704.63,104719.91,124.746099,13069463.28728054
2025-01-25 13:00:00,104741.55,104854.27,104672.35,104818.12,133.996761,14040541.68409628
2025-01-25 12:45:00,104637.66,104784.17,104596.76,104741.55,72.759208,7618649.00222807
2025-01-25 12:30:00,104455.14,104687.83,104451.8,104637.66,68.540025,7168622.72832206
2025-01-25 12:15:00,104576.53,104632.18,104451,104455.14,48.356549,5054643.57098559
2025-01-25 12:00:00,104661.12,104673.75,104511.04,104576.53,94.255366,9856772.17031754
2025-01-25 11:45:00,104527.26,104689.05,104515.32,104661.12,106.521466,11144270.63762088
2025-01-25 11:30:00,104436.57,104528.98,104418.21,104527.26,44.84868,4686048.37198311
2025-01-25 11:15:00,104491.65,104491.66,104377.88,104436.57,63.893481,6672572.84144616
2025-01-25 11:00:00,104523.71,104623.48,104483.92,104491.65,119.060535,12448383.33344176
2025-01-25 10:45:00,104434.49,104657.54,104409.82,104523.71,140.546033,14693830.71764353
2025-01-25 10:30:00,104270.3,104449.5,104258.94,104434.49,84.091848,8777757.58891762
2025-01-25 10:15:00,104313.46,104393.12,104209.59,104270.3,105.164412,10968548.34190289
2025-01-25 10:00:00,104358.66,104441.19,104094.9,104313.46,222.104558,23155464.48968781
2025-01-25 09:45:00,104410.32,104426.18,104301,104358.66,55.523213,5794271.06187916
2025-01-25 09:30:00,104301.01,104442.87,104280.95,104410.32,81.988791,8557476.31397491
2025-01-25 09:15:00,104282.56,104428.3,104282.56,104301.01,50.964447,5318284.97048798
2025-01-25 09:00:00,104335.51,104389.93,104261.73,104282.56,69.788838,7280308.41823972
2025-01-25 08:45:00,104291.78,104352.41,104221.06,104335.51,84.020491,8762160.54941349
2025-01-25 08:30:00,104338.89,104338.94,104122.61,104291.78,116.653409,12160190.51752888
2025-01-25 08:15:00,104438.5,104490.87,104292.92,104338.89,68.176989,7116977.35324529
2025-01-25 08:00:00,104393.13,104455.78,104314.2,104438.5,91.752308,9578083.78535249
2025-01-25 07:45:00,104387.47,104455.79,104369.66,104393.13,49.254255,5142437.31603169
2025-01-25 07:30:00,104452.67,104500.94,104373.31,104387.47,43.532231,4546604.42742041
2025-01-25 07:15:00,104448.69,104518.43,104385.62,104452.67,73.06353,7631741.41777461
2025-01-25 07:00:00,104318.77,104471.87,104286.71,104448.69,86.296159,9007100.03818391
2025-01-25 06:45:00,104373.1,104374.34,104243.78,104318.77,76.209374,7948572.17188887
2025-01-25 06:30:00,104356.6,104382.09,104230.08,104373.1,132.035963,13771242.4884458
2025-01-25 06:15:00,104433.09,104465.58,104212.13,104356.6,140.255179,14631870.5996002
2025-01-25 06:00:00,104373.07,104485.99,104285.98,104433.09,130.501599,13623063.98241563
2025-01-25 05:45:00,104556.12,104569.03,104251,104373.07,138.292358,14436263.00552325
2025-01-25 05:30:00,104631.7,104677.55,104484.34,104556.12,80.707635,8439969.36945902
2025-01-25 05:15:00,104483.77,104650.11,104385.9,104631.7,122.168653,12769718.57801489
2025-01-25 05:00:00,104659.28,104703.82,104382.11,104483.77,219.078574,22895128.77384395
2025-01-25 04:45:00,104833.12,104881.83,104620,104659.28,78.693886,8241779.10365718
2025-01-25 04:30:00,104902.18,104903.51,104776.49,104833.12,55.418101,5808845.43198614
2025-01-25 04:15:00,104989.76,104993.15,104840.52,104902.18,62.266041,6533388.03534206
2025-01-25 04:00:00,105188.51,105188.52,104961.69,104989.76,64.993738,6829148.30178895
2025-01-25 03:45:00,104870.63,105257.97,104831.54,105188.51,221.712276,23293789.35000097
2025-01-25 03:30:00,104698.3,104974.03,104698,104870.63,135.11702,14167484.77658013
2025-01-25 03:15:00,104515.03,104764.99,104442.9,104698.3,93.373962,9768575.23777422
2025-01-25 03:00:00,104557.7,104616.87,104465.34,104515.03,79.223688,8282298.65792516
2025-01-25 02:45:00,104596.96,104657,104462.18,104557.7,117.112252,12243452.30198248
2025-01-25 02:30:00,104667.02,104728.01,104569.01,104596.96,59.090618,6184553.53132896
2025-01-25 02:15:00,104684.93,104827.65,104592.35,104667.02,99.750912,10445339.94382811
2025-01-25 02:00:00,104718.89,104718.9,104528.34,104684.93,85.412091,8935362.52273213
2025-01-25 01:45:00,104766.05,104804.05,104674.16,104718.89,97.589577,10221138.93752833
2025-01-25 01:30:00,104702.95,104803.27,104660.83,104766.05,121.791039,12757800.21648419
2025-01-25 01:15:00,104542.47,104736.98,104507.44,104702.95,114.364826,11965709.65089422
2025-01-25 01:00:00,104406.64,104636.98,104371.21,104542.47,156.855172,16392850.83987249
2025-01-25 00:45:00,104564.67,104620.32,104344.72,104406.64,180.510477,18858546.64149905
2025-01-25 00:30:00,104615.25,104744.82,104451.01,104564.67,251.965064,26356265.0678304
2025-01-25 00:15:00,104525.51,104792.91,104501.01,104615.25,240.464514,25169542.64350236
2025-01-25 00:00:00,104844.88,104851.47,104500,104525.51,173.571153,18167081.26985837
2025-01-24 23:45:00,104714.02,104869.11,104657.79,104844.88,77.182706,8087907.27912252
2025-01-24 23:30:00,104575.72,104764.06,104476.33,104714.02,93.511871,9788954.59793781
2025-01-24 23:15:00,104561.03,104675.93,104437.08,104575.72,87.581707,9155198.84730725
2025-01-24 23:00:00,104766.11,104927.34,104428.32,104561.03,304.549686,31861478.33386585
2025-01-24 22:45:00,105219.98,105225.11,104700.01,104766.11,103.051554,10813972.42457619
2025-01-24 22:30:00,104983.67,105219.99,104983.67,105219.98,60.248341,6331822.58987386
2025-01-24 22:15:00,105208.55,105307.57,104951.1,104983.67,113.704846,11954802.37038647
2025-01-24 22:00:00,105116.6,105469.14,105031,105208.55,174.749865,18389758.41936998
2025-01-24 21:45:00,105148.34,105299.11,105056.16,105116.6,136.786007,14381057.24605911
2025-01-24 21:30:00,105278.12,105380.74,105032.2,105148.34,172.729862,18176948.33402262
2025-01-24 21:15:00,105088.86,105366.17,105019.34,105278.12,173.463395,18247072.32664028
2025-01-24 21:00:00,104859.22,105249.87,104859.22,105088.86,236.333197,24828192.74057039
2025-01-24 20:45:00,105028.26,105400,104720.5,104859.22,299.793516,31491757.15561122
2025-01-24 20:30:00,105202.15,105299.99,104814.69,105028.26,360.643364,37884368.21491895
2025-01-24 20:15:00,105659.93,105659.93,105124.51,105202.15,337.405702,35548780.27534491
2025-01-24 20:00:00,105772.94,105781.65,105592.91,105659.93,177.511267,18757988.40700512
2025-01-24 19:45:00,105906.47,105922.37,105693.23,105772.94,258.777201,27377515.46064035
2025-01-24 19:30:00,106383.96,106451,105878.97,105906.47,207.235717,22007034.96800259
2025-01-24 19:15:00,106106.73,106458.27,106103.37,106383.96,210.645216,22389552.07437315
2025-01-24 19:00:00,106321.34,106625,105902.59,106106.73,349.607691,37114428.1843504
2025-01-24 18:45:00,106652.58,106667.23,106078.24,106321.34,303.0208,32246788.48178597
2025-01-24 18:30:00,106923.6,106994.15,106600.37,106652.58,261.341847,27916993.88851015
2025-01-24 18:15:00,106661.75,107136.56,106661.75,106923.6,296.749165,31727646.95860516
2025-01-24 18:00:00,106478.63,107021.08,106440.19,106661.75,564.117484,60246157.34292715
2025-01-24 17:45:00,106317.62,106709.9,106291.28,106478.63,521.185904,55531644.50118224
2025-01-24 17:30:00,106469.43,106496.65,106217.98,106317.62,265.246113,28199582.17989735
2025-01-24 17:15:00,105957.67,106499.99,105952.06,106469.43,328.303688,34870884.94330778
2025-01-24 17:00:00,105650.88,106019.41,105606.18,105957.67,328.29208,34736231.01590968
2025-01-24 16:45:00,105988.24,106130.07,105582.32,105650.88,302.368887,32037584.42124365
2025-01-24 16:30:00,105995.76,106184.48,105860.86,105988.24,308.534192,32706105.40270593
2025-01-24 16:15:00,105973.36,106135.3,105831.37,105995.76,342.344893,36294362.22901359
2025-01-24 16:00:00,105861.42,106121.99,105719.1,105973.36,329.284317,34890700.15881998
2025-01-24 15:45:00,105648.88,105968.29,105584.8,105861.42,297.978794,31534739.96576062
2025-01-24 15:30:00,105661.54,105978.49,105412.85,105648.88,376.06522,39767692.91997522
2025-01-24 15:15:00,105564.49,105999.88,105252.76,105661.54,403.156335,42620914.63971499
2025-01-24 15:00:00,105760.68,105957.13,105501.43,105564.49,339.660482,35911378.07471536
2025-01-24 14:45:00,106221.24,106325.84,105541.55,105760.68,527.692204,55856868.20102459
2025-01-24 14:30:00,105262.33,106233.76,104668.52,106221.24,702.274411,74026385.35577091
2025-01-24 14:15:00,105027.7,105323.27,105018.26,105262.33,189.806054,19964141.44146285
2025-01-24 14:00:00,105115.51,105237.82,104879.63,105027.7,204.701712,21508597.8720705
2025-01-24 13:45:00,105060.39,105280.33,104984.32,105115.51,220.899533,23224823.77590072
2025-01-24 13:30:00,105281.14,105293.72,104970.23,105060.39,162.017409,17035388.45012028
2025-01-24 13:15:00,105261.6,105370.12,104960.15,105281.14,268.512656,28240147.90894355
2025-01-24 13:00:00,105530.37,105789.59,105194.84,105261.6,247.962048,26153640.36428156
2025-01-24 12:45:00,105397.48,105534.4,105393.71,105530.37,121.24944,12786845.23584309
2025-01-24 12:30:00,105322.76,105473.91,105297.81,105397.48,141.857462,14950609.59238431
2025-01-24 12:15:00,105268.59,105428.27,105243.1,105322.76,171.534944,18069563.27060042
2025-01-24 12:00:00,105414.68,105592.92,105184.47,105268.59,174.49659,18389481.2508338
2025-01-24 11:45:00,105247.69,105472.9,105233.31,105414.68,126.46022,13325718.44428024
2025-01-24 11:30:00,105369.73,105380.87,105213.3,105247.69,81.908284,8623018.69709706
2025-01-24 11:15:00,105372.74,105530.59,105369.73,105369.73,73.816092,7783355.14243956
2025-01-24 11:00:00,105425.96,105489.96,105329.02,105372.74,103.131365,10869896.31612299
2025-01-24 10:45:00,105374.45,105426.54,105110.73,105425.96,162.827279,17140307.94405426
2025-01-24 10:30:00,105265.36,105441.79,105201.01,105374.45,323.167628,34032512.08181486
2025-01-24 10:15:00,105224.15,105290.24,105053.73,105265.36,143.001135,15038803.37057122
2025-01-24 10:00:00,105147.11,105326.99,105048.79,105224.15,156.19038,16426263.08952837
2025-01-24 09:45:00,105300.37,105300.38,105061.93,105147.11,259.729678,27310963.32190186
2025-01-24 09:30:00,105610.79,105633.08,105218.65,105300.37,330.880657,34866759.95480265
2025-01-24 09:15:00,105487.21,105767.23,105478.56,105610.79,233.746266,24694950.70054579
2025-01-24 09:00:00,105498.76,105541.86,105386.29,105487.21,188.688663,19900181.9232532
2025-01-24 08:45:00,105351.11,105608.35,105248.51,105498.76,175.359519,18488008.2559732
2025-01-24 08:30:00,105549.4,105650.57,105331.51,105351.11,304.632036,32121000.38478214
2025-01-24 08:15:00,105237.42,105576.66,105169.19,105549.4,298.864992,31482516.57169518
2025-01-24 08:00:00,105050.98,105242.47,104918.43,105237.42,169.807703,17840094.12027485
2025-01-24 07:45:00,104828.72,105086.15,104815.13,105050.98,282.566728,29665903.65078553
2025-01-24 07:30:00,104727.74,104851.91,104665.65,104828.72,226.242516,23700812.53421427
2025-01-24 07:15:00,104807.21,104860.76,104655.5,104727.74,166.037018,17396848.72759799
2025-01-24 07:00:00,104988.54,105183.97,104758.02,104807.21,238.678587,25061596.6677699
2025-01-24 06:45:00,104864.55,104999.8,104844.92,104988.54,113.480441,11907141.29649159
2025-01-24 06:30:00,104906.32,104960.02,104637.77,104864.55,205.471924,21531447.26854289
2025-01-24 06:15:00,104916.12,105040.99,104761.48,104906.32,241.952974,25386916.72976137
2025-01-24 06:00:00,105218.08,105353,104879.85,104916.12,320.146771,33633991.60944124
2025-01-24 05:45:00,104912.17,105273.45,104821.93,105218.08,288.354608,30288936.85711166
2025-01-24 05:30:00,104875.04,104996.86,104848.04,104912.17,203.949409,21401357.65454406
2025-01-24 05:15:00,104871.41,105028,104663.98,104875.04,334.773016,35103120.13567014
2025-01-24 05:00:00,104615.12,105054.79,104531.69,104871.41,430.942567,45167765.90372706
2025-01-24 04:45:00,104419.33,104904.87,104395.13,104615.12,326.303532,34126215.15514604
2025-01-24 04:30:00,103989.13,104491.23,103902,104419.33,271.097064,28259201.05392854
2025-01-24 04:15:00,104002.47,104108.28,103859.14,103989.13,221.451697,23028991.0797911
2025-01-24 04:00:00,103888.52,104131.05,103793.12,104002.47,298.739725,31048607.29937542
2025-01-24 03:45:00,104098.46,104173.93,103851,103888.52,279.789513,29092263.32482328
2025-01-24 03:30:00,103462.85,104311.89,103421.45,104098.46,491.080073,51042558.08499618
2025-01-24 03:15:00,103211.64,103819.16,102747.12,103462.85,356.519537,36804156.81943107
2025-01-24 03:00:00,103016.57,103478.24,103016.57,103211.64,274.041918,28290524.35441344
2025-01-24 02:45:00,103282.96,103314.48,102952.25,103016.57,226.175726,23319682.51353304
2025-01-24 02:30:00,103368.37,103534.25,103254.87,103282.96,181.583947,18775521.51397165
2025-01-24 02:15:00,103236.76,103483.57,103216.74,103368.37,271.97129,28110094.58790892
2025-01-24 02:00:00,103228.6,103325,103008,103236.76,247.577193,25548047.80029823
2025-01-24 01:45:00,103371.69,103384.68,103062.5,103228.6,239.122913,24679007.20251336
2025-01-24 01:30:00,103628.36,103664.51,103345.9,103371.69,225.224855,23311037.96038611
2025-01-24 01:15:00,103613.03,103894.19,103496.16,103628.36,236.288713,24495935.2362629
2025-01-24 01:00:00,103450.77,103692.66,103412.72,103613.03,225.812647,23382969.5852568
2025-01-24 00:45:00,103619.75,103778.25,103414.66,103450.77,212.565553,22015800.80422311
2025-01-24 00:30:00,103654.5,103772.53,103551,103619.75,169.041003,17517565.65231796
2025-01-24 00:15:00,103817.2,103946.97,103520.23,103654.5,213.502378,22147936.56676684
2025-01-24 00:00:00,103906.68,104157.96,103783.52,103817.2,307.707192,31980364.51297461
2025-01-23 23:45:00,104120.72,104129.53,103863.4,103906.68,170.421993,17726072.91483515
2025-01-23 23:30:00,104305.25,104345.64,104096.98,104120.72,174.762914,18212404.10390836
2025-01-23 23:15:00,104132.53,104528.3,104132.53,104305.25,278.593422,29077342.03295755
2025-01-23 23:00:00,103969.51,104341.16,103762.19,104132.53,338.11268,35201303.22916174
2025-01-23 22:45:00,104015.72,104238.52,103717.11,103969.51,395.279831,41075596.0163826
2025-01-23 22:30:00,104145.83,104711.72,103859.8,104015.72,400.01366,41724034.22628739
2025-01-23 22:15:00,103654.36,104146.39,103285.48,104145.83,887.065768,92065718.53611622
2025-01-23 22:00:00,103073.65,103734.53,102971.84,103654.36,452.028334,46721118.08748941
2025-01-23 21:45:00,102997.31,103262.4,102507.17,103073.65,410.129554,42214235.75970709
2025-01-23 21:30:00,102727.41,103265.21,102304.82,102997.31,536.351405,55124232.40139094
2025-01-23 21:15:00,102938.69,103287.79,102195.36,102727.41,809.452389,83183165.24782982
2025-01-23 21:00:00,103290.4,103424.71,102650.47,102938.69,876.334414,90249553.53385937
2025-01-23 20:45:00,104831.67,104984.78,102565,103290.4,2529.011817,262319128.26281062
2025-01-23 20:30:00,105765.02,105829.24,104450.87,104831.67,1969.162362,206900364.4510054
2025-01-23 20:15:00,104843.37,106445.71,103697.17,105765.02,5038.910355,530663916.29719935
2025-01-23 20:00:00,103784.31,105960.72,103132.22,104843.37,2371.24697,248346401.90701441
2025-01-23 19:45:00,104769.93,104788.22,103397,103784.31,792.846683,82398920.40015507
2025-01-23 19:30:00,104878.61,104910.98,104479.14,104769.93,352.940655,36956618.99413658
2025-01-23 19:15:00,104969.27,105142.7,104429.57,104878.61,429.183912,44967662.53899336
2025-01-23 19:00:00,105426.23,105506.4,104810.85,104969.27,342.271731,35988725.22909235
2025-01-23 18:45:00,105185.68,105609.55,105179.86,105426.23,296.133929,31217758.95716416
2025-01-23 18:30:00,105754.73,105933.66,105089.48,105185.68,307.585498,32481608.56118087
2025-01-23 18:15:00,105217.2,105872.65,105193.51,105754.73,261.892013,27649200.65273774
2025-01-23 18:00:00,105936.48,106155.49,105160.78,105217.2,529.763722,55970332.69890229
2025-01-23 17:45:00,105598.45,106246.5,105553.92,105936.48,448.024741,47469571.99914484
2025-01-23 17:30:00,105270.11,105688.75,105215.51,105598.45,382.302894,40318634.78812383
2025-01-23 17:15:00,104727.55,105372.47,104654.73,105270.11,374.816461,39364800.78590923
2025-01-23 17:00:00,105128.85,105146.29,104205.26,104727.55,671.96246,70337045.8995955
2025-01-23 16:45:00,106065.1,106400.13,105001.66,105128.85,731.985284,77326082.98554911
2025-01-23 16:30:00,105969.72,106188.35,105569.86,106065.1,387.292821,41007987.08378797
2025-01-23 16:15:00,106502.03,106885.83,105293.82,105969.72,1196.214539,126723898.21817041
2025-01-23 16:00:00,105272.32,106579.48,105044.22,106502.03,1216.637804,128864280.46147357
2025-01-23 15:45:00,105051.96,105466.39,104683.84,105272.32,960.187743,100906712.59021717
2025-01-23 15:30:00,104233.37,105099.99,104224.22,105051.96,959.998167,100539691.43510943
2025-01-23 15:15:00,103539.31,104472.86,102877.77,104233.37,2381.795655,247304898.55041518
2025-01-23 15:00:00,105200,105800,102661.74,103539.31,4005.986133,415933972.64076271
2025-01-23 14:45:00,104945.19,106048.62,104702.68,105200,1686.201405,177659736.62642751
2025-01-23 14:30:00,102441.2,105090,102354.09,104945.19,1981.743831,206421256.27080329
2025-01-23 14:15:00,102304.95,102461.27,101990.46,102441.2,311.912454,31886547.31099168
2025-01-23 14:00:00,102504.65,102519.98,102210.39,102304.95,284.58219,29129995.71974477
2025-01-23 13:45:00,102164.83,102723.2,102130.96,102504.65,411.956006,42182726.42022762
2025-01-23 13:30:00,101520.19,102221.15,101513.67,102164.83,472.52344,48184208.64632581
2025-01-23 13:15:00,101718.93,101742.93,101320.59,101520.19,307.042171,31169220.30577516
2025-01-23 13:00:00,101624.23,101791.9,101507.51,101718.93,286.086832,29087367.57111113
2025-01-23 12:45:00,101587.61,101737,101453.67,101624.23,275.609145,28002670.58647082
2025-01-23 12:30:00,101704.57,101932.48,101483.94,101587.61,197.346749,20070199.51732644
2025-01-23 12:15:00,101755.62,101777.85,101413.31,101704.57,316.805029,32177921.83456054
2025-01-23 12:00:00,101945.73,102131.44,101751,101755.62,266.57602,27179275.74725161
2025-01-23 11:45:00,101963.72,102011.96,101865.25,101945.73,150.852945,15377138.98996615
2025-01-23 11:30:00,102031,102198.99,101865.57,101963.72,176.166364,17980946.97248381
2025-01-23 11:15:00,101985.21,102158.59,101926.4,102031,239.231596,24414269.51331352
2025-01-23 11:00:00,101700.01,102015.24,101700,101985.21,314.699924,32050550.20782702
2025-01-23 10:45:00,101280.28,101706.6,101280.27,101700.01,307.510165,31209096.55621583
2025-01-23 10:30:00,101935.41,102009.78,101251.41,101280.28,398.789753,40542598.98718441
2025-01-23 10:15:00,101886.51,102058.5,101819.46,101935.41,251.83713,25671283.16220984
2025-01-23 10:00:00,101661.61,101889.49,101579.12,101886.51,318.276032,32376762.19370308
2025-01-23 09:45:00,101897.52,101990.65,101636.01,101661.61,284.244117,28927630.82643665
2025-01-23 09:30:00,102313.41,102315.65,101888.7,101897.52,368.445085,37592120.42205219
2025-01-23 09:15:00,102437.89,102438.37,102218.96,102313.41,153.742918,15733705.79882898
2025-01-23 09:00:00,102213.74,102479.58,102179.06,102437.89,241.194983,24682572.93260887
2025-01-23 08:45:00,102453.55,102518.1,102053.18,102213.74,246.051689,25158462.97714227
2025-01-23 08:30:00,102386.98,102464.89,102237.9,102453.55,211.701348,21670428.55700583
2025-01-23 08:15:00,102479.42,102610.56,102280.01,102386.98,198.158193,20302637.94492008
2025-01-23 08:00:00,102709.85,102709.86,102371.46,102479.42,204.666971,20987697.77959361
2025-01-23 07:45:00,102447.09,102790,102438.53,102709.85,192.237093,19732947.59375726
2025-01-23 07:30:00,102337.04,102566.88,102157.64,102447.09,158.325888,16213492.43616421
2025-01-23 07:15:00,102398.99,102525.99,102235.77,102337.04,152.882167,15653835.93422246
2025-01-23 07:00:00,102269.54,102434.22,102088.58,102398.99,212.688435,21743301.75539538
2025-01-23 06:45:00,102634.77,102656.79,102218.06,102269.54,199.860608,20468414.39229076
2025-01-23 06:30:00,102862.31,102867.24,102616.31,102634.77,122.64961,12599010.3071239
2025-01-23 06:15:00,102888.51,102902.9,102688.16,102862.31,179.41126,18443688.26510642
2025-01-23 06:00:00,102537.63,102976.9,102533.69,102888.51,288.961628,29687070.44156562
2025-01-23 05:45:00,102486.62,102638.31,102398.67,102537.63,227.835585,23357933.77722348
2025-01-23 05:30:00,102023.58,102555.4,102018.29,102486.62,379.411707,38816191.71032816
2025-01-23 05:15:00,102202.78,102261.6,101987.69,102023.58,201.398334,20567042.3254452
2025-01-23 05:00:00,102057.07,102215.64,101982.71,102202.78,218.341184,22297333.05849932
2025-01-23 04:45:00,101829.07,102134.6,101823.07,102057.07,292.625948,29850116.78175396
2025-01-23 04:30:00,101810.45,102024.41,101586.05,101829.07,346.657477,35280300.41192033
2025-01-23 04:15:00,102267.83,102271.54,101768.32,101810.45,461.356372,47041388.37450811
2025-01-23 04:00:00,102458.75,102492.33,102172.53,102267.83,272.355493,27869173.15500966
2025-01-23 03:45:00,102947.42,102949.99,102181.5,102458.75,311.259468,31896227.47039069
2025-01-23 03:30:00,102959.17,102997.89,102882.91,102947.42,148.181274,15253700.882558
2025-01-23 03:15:00,102931.04,102991.88,102790.37,102959.17,210.17532,21627048.2994782
2025-01-23 03:00:00,102650.52,102996.5,102601.51,102931.04,243.842941,25075078.66630959
2025-01-23 02:45:00,102457.36,102774.02,102402.37,102650.52,373.532719,38327578.63761134
2025-01-23 02:30:00,102378.47,102496.55,102100,102457.36,385.199258,39405134.29889997
2025-01-23 02:15:00,102535.32,102553.36,102125.54,102378.47,552.742563,56553716.37690768
2025-01-23 02:00:00,102941.34,102999.07,102327.1,102535.32,529.983972,54377495.40569348
2025-01-23 01:45:00,103362.59,103383.07,102581.16,102941.34,606.933126,62454200.81918143
2025-01-23 01:30:00,103528.85,103649.83,103333.29,103362.59,256.829217,26576578.67415665
2025-01-23 01:15:00,103210.78,103568.21,103117.18,103528.85,238.785762,24663383.91974537
2025-01-23 01:00:00,103296.5,103411.21,103092.26,103210.78,296.721746,30632849.56466685
2025-01-23 00:45:00,103243.89,103469.25,103037.87,103296.5,319.968964,33033366.62649487
2025-01-23 00:30:00,103380.52,103639.99,103219.54,103243.89,262.322643,27137613.65107477
2025-01-23 00:15:00,103674.3,103674.3,103100.03,103380.52,369.646182,38220561.78230786
2025-01-23 00:00:00,103708.04,103817.38,103560,103674.3,288.198205,29883149.28647191
2025-01-22 23:45:00,103901.7,103917.13,103653.8,103708.04,81.794866,8487751.76786679
2025-01-22 23:30:00,103825.55,103983.53,103739.66,103901.7,136.466496,14171762.1634299
2025-01-22 23:15:00,103944.54,104071.21,103754.98,103825.55,163.05191,16938949.21292623
2025-01-22 23:00:00,103874.44,104142.59,103678.93,103944.54,198.738556,20653401.32861918
2025-01-22 22:45:00,104303.67,104344.93,103804.7,103874.44,74.463104,7752780.28169217
2025-01-22 22:30:00,103998.24,104512,103998.24,104303.67,149.593726,15600255.56677128
2025-01-22 22:15:00,103995.32,104018.88,103769.3,103998.24,78.741667,8178120.82612665
2025-01-22 22:00:00,104085.7,104115.72,103912.92,103995.32,111.358661,11584711.64265691
2025-01-22 21:45:00,104021.15,104149.99,103892.88,104085.7,113.813787,11842332.77471621
2025-01-22 21:30:00,103914.39,104136.66,103909.81,104021.15,161.174902,16766235.76530025
2025-01-22 21:15:00,103903.02,103974.01,103628.71,103914.39,186.178482,19330541.62163465
2025-01-22 21:00:00,104316.22,104371.83,103779.84,103903.02,292.979356,30485273.85219741
2025-01-22 20:45:00,104216.15,104529.79,104073.96,104316.22,418.834855,43664749.33764273
2025-01-22 20:30:00,104466.17,104615.03,104151,104216.15,249.646288,26060580.03869422
2025-01-22 20:15:00,104568.74,104606.45,104305.88,104466.17,312.333728,32630343.22515591
2025-01-22 20:00:00,104643.36,104838.17,104368.24,104568.74,345.803707,36174702.04319228
2025-01-22 19:45:00,104473.23,104744.23,104463.81,104643.36,238.544326,24956381.70339643
2025-01-22 19:30:00,104491.25,104768.75,104295.66,104473.23,350.319154,36639093.01882143
2025-01-22 19:15:00,104283.16,104730.64,104283.16,104491.25,239.465931,25035651.24128751
2025-01-22 19:00:00,103912.26,104342.61,103861.52,104283.16,262.142232,27306103.76875084
2025-01-22 18:45:00,104368.03,104436.18,103765.54,103912.26,319.028636,33240946.22025831
2025-01-22 18:30:00,104318.14,104593.3,104276.54,104368.03,187.824043,19610714.59249229
2025-01-22 18:15:00,104520.1,104536.92,104063.67,104318.14,284.03681,29614945.94461341
2025-01-22 18:00:00,104345.64,104695.32,104285.61,104520.1,400.222667,41816783.80527644
2025-01-22 17:45:00,104427.21,104593.74,104132.48,104345.64,298.858744,31200947.20209121
2025-01-22 17:30:00,104270.75,104608.68,104146.2,104427.21,292.661777,30551739.1748091
2025-01-22 17:15:00,104127.15,104393.54,104028.13,104270.75,326.264211,34008288.97982209
2025-01-22 17:00:00,103722.41,104254.72,103686.66,104127.15,461.40063,47998176.51786464
2025-01-22 16:45:00,103444.11,103881,103368.06,103722.41,527.897148,54726162.05167328
2025-01-22 16:30:00,103997.49,104068.2,103334.3,103444.11,598.865084,62123763.43871302
2025-01-22 16:15:00,103801.01,104110.5,103703.54,103997.49,376.65552,39158049.28171856
2025-01-22 16:00:00,104188.99,104241.7,103682.28,103801.01,492.337743,51149699.78919115
2025-01-22 15:45:00,104288.89,104677.91,104048.18,104188.99,354.221148,36958090.94267996
2025-01-22 15:30:00,104390.21,104514.82,103971.75,104288.89,445.368681,46439046.36723492
2025-01-22 15:15:00,104968.87,105161.25,104384.6,104390.21,443.984745,46522406.91027917
2025-01-22 15:00:00,104403.68,104968.87,104131.67,104968.87,459.262143,48004903.07429608
2025-01-22 14:45:00,104228.27,104714.01,103646,104403.68,663.211836,69067447.2830818
2025-01-22 14:30:00,104650.68,104940.66,104085.86,104228.27,599.427633,62599584.10746433
2025-01-22 14:15:00,104078.73,104684.24,104027.78,104650.68,410.079356,42811841.64805346
2025-01-22 14:00:00,104087.55,104177.71,103687.56,104078.73,491.090178,51052842.91648741
2025-01-22 13:45:00,104616.19,104657.94,103822,104087.55,462.875792,48229041.79116492
2025-01-22 13:30:00,104929.13,104977.75,104283.66,104616.19,480.344285,50253315.52750099
2025-01-22 13:15:00,104965.6,105090.5,104877.17,104929.13,334.129996,35079968.32364923
2025-01-22 13:00:00,105273.65,105361.74,104901,104965.6,263.757359,27721804.57333383
2025-01-22 12:45:00,105472.41,105472.42,105273.65,105273.65,124.545461,13120364.43506971
2025-01-22 12:30:00,105378.22,105472.42,105266.65,105472.41,167.367313,17633809.53105887
2025-01-22 12:15:00,105485.31,105593.68,105371.35,105378.22,307.542769,32435562.79544548
2025-01-22 12:00:00,105129.05,105485.31,105070.53,105485.31,297.554733,31329909.72214402
2025-01-22 11:45:00,105083.24,105463.89,105038.96,105129.05,350.710215,36911160.86172844
2025-01-22 11:30:00,104810,105127.92,104783.61,105083.24,234.979699,24667815.57598895
2025-01-22 11:15:00,105060.16,105257.53,104761.9,104810,282.37166,29640612.45994252
2025-01-22 11:00:00,105123.12,105157.63,104990.25,105060.16,128.591882,13512667.82296482
2025-01-22 10:45:00,105043.48,105160.61,104980.89,105123.12,151.140709,15879443.02723932
2025-01-22 10:30:00,104971.4,105087.24,104878.21,105043.48,192.054411,20165000.59255977
2025-01-22 10:15:00,104812.03,105010.16,104747.78,104971.4,180.126204,18892325.06592746
2025-01-22 10:00:00,105006.14,105023.27,104643.48,104812.03,273.658792,28681512.98990892
2025-01-22 09:45:00,105198.35,105198.36,104954.04,105006.14,171.246852,17989523.42742508
2025-01-22 09:30:00,105001.83,105214.5,104948.89,105198.35,153.539624,16129881.88483543
2025-01-22 09:15:00,105013.8,105150.83,104940.69,105001.83,215.915466,22676892.9415723
2025-01-22 09:00:00,105277.59,105280.74,104913.81,105013.8,208.053756,21860153.3857236
2025-01-22 08:45:00,105079.4,105359.29,105034.18,105277.59,342.113936,36000818.5795698
2025-01-22 08:30:00,104825.41,105143.46,104690,105079.4,331.112398,34732441.38095617
2025-01-22 08:15:00,105026.05,105078.33,104740.9,104825.41,357.645575,37523785.090529
2025-01-22 08:00:00,105082.51,105169.32,104945.99,105026.05,402.555724,42276943.69818823
2025-01-22 07:45:00,105092.04,105271.99,105048.71,105082.51,279.831573,29423471.3489827
2025-01-22 07:30:00,105477.41,105480.83,105063.4,105092.04,280.404148,29507746.5617147
2025-01-22 07:15:00,105554.45,105672.22,105348.38,105477.41,283.429159,29901468.73993117
2025-01-22 07:00:00,105388.33,105561.85,105318.52,105554.45,188.732035,19903517.93390496
2025-01-22 06:45:00,105391.6,105440.54,105196,105388.33,263.212359,27728245.2597476
2025-01-22 06:30:00,105518.87,105606.41,105359.05,105391.6,327.785608,34563970.48421246
2025-01-22 06:15:00,105898.86,105898.86,105351.01,105518.87,250.687327,26485278.11974015
2025-01-22 06:00:00,105693.97,105959.54,105615.97,105898.86,236.723606,25053267.50841284
2025-01-22 05:45:00,105620.42,105767.97,105470.26,105693.97,252.489414,26674502.30315743
2025-01-22 05:30:00,105624.31,105656.47,105509.49,105620.42,187.27062,19772319.77442199
2025-01-22 05:15:00,105736.39,105856.86,105624.3,105624.31,172.130762,18203441.63402201
2025-01-22 05:00:00,105570.55,105761.14,105447.58,105736.39,324.53501,34284333.14775405
2025-01-22 04:45:00,105420.41,105599.21,105391.27,105570.55,248.000956,26166957.38018779
2025-01-22 04:30:00,105747.66,105816.04,105284.01,105420.41,213.007923,22491585.0545946
2025-01-22 04:15:00,105714.14,105803.52,105620.93,105747.66,143.706048,15191032.28371531
2025-01-22 04:00:00,105612.54,105792.96,105577.23,105714.14,124.007622,13109151.11068979
2025-01-22 03:45:00,105691.31,105757.76,105604.53,105612.54,123.768323,13079723.98327975
2025-01-22 03:30:00,105843.96,105844.97,105687.75,105691.31,131.93495,13950351.51236441
2025-01-22 03:15:00,105810.27,105914.91,105750.01,105843.96,182.012291,19264478.77979686
2025-01-22 03:00:00,105595.71,105831.09,105595.71,105810.27,170.380805,18014208.73334121
2025-01-22 02:45:00,105882.49,105906.68,105550.7,105595.71,203.030287,21474685.90379
2025-01-22 02:30:00,106014.8,106132.02,105882.49,105882.49,270.203547,28647876.37519413
2025-01-22 02:15:00,105876.54,106194.91,105839.46,106014.8,301.287112,31925458.4042541
2025-01-22 02:00:00,105804.43,105925.61,105671.56,105876.54,253.27806,26799139.40376543
2025-01-22 01:45:00,105471.5,105894.5,105471.5,105804.43,253.18663,26760010.01051517
2025-01-22 01:30:00,105685.88,105795.48,105457.27,105471.5,251.279305,26546716.38224947
2025-01-22 01:15:00,105834.15,105982.66,105629.23,105685.88,298.714602,31609327.59154514
2025-01-22 01:00:00,105950.38,106400,105762.39,105834.15,418.239984,44350824.54117867
2025-01-22 00:45:00,105932.98,106045.84,105794.18,105950.38,341.292667,36143232.29356622
2025-01-22 00:30:00,105990.59,106069.57,105821.31,105932.98,301.943023,31982228.2833683
2025-01-22 00:15:00,105991.84,106326.07,105828.57,105990.59,422.308506,44782624.63414238
2025-01-22 00:00:00,106152.63,106226.92,105869.52,105991.84,380.980673,40393269.63073254
2025-01-21 23:45:00,106025.61,106293.13,105820.22,106152.63,281.966385,29900810.47878546
2025-01-21 23:30:00,105725.35,106078.4,105721.42,106025.61,248.413239,26309435.74803441
2025-01-21 23:15:00,105695.16,106079.86,105663.68,105725.35,303.183818,32087701.20168483
2025-01-21 23:00:00,106005.45,106111.66,105404.73,105695.16,382.007228,40413000.8948555
2025-01-21 22:45:00,106175.56,106362.45,105978.8,106005.45,61.086583,6485319.81123945
2025-01-21 22:30:00,106452.74,106491.07,106100,106175.56,110.218389,11716875.49892896
2025-01-21 22:15:00,106475.49,106675.27,106359.24,106452.74,152.46508,16238492.31078882
2025-01-21 22:00:00,106774.25,106785.41,106385,106475.49,227.638014,24261029.910814
2025-01-21 21:45:00,106497,106824.81,106385.98,106774.25,266.987813,28456540.85128558
2025-01-21 21:30:00,106227.35,106548.01,106206,106497,239.290259,25463292.55407419
2025-01-21 21:15:00,106007.87,106361.44,105760.17,106227.35,278.454417,29515406.70409974
2025-01-21 21:00:00,106124.7,106400,106007.87,106007.87,325.855887,34608046.50952656
2025-01-21 20:45:00,106080.34,106300,105959.19,106124.7,407.418352,43239522.49440443
2025-01-21 20:30:00,107024.8,107087.61,105908.9,106080.34,405.048767,43087673.60059268
2025-01-21 20:15:00,106872.03,107160.95,106670.86,107024.8,355.66616,38045914.027789
2025-01-21 20:00:00,107012.94,107202.13,106762.2,106872.03,344.418017,36841591.43335195
2025-01-21 19:45:00,106651.05,107153.14,106634.19,107012.94,291.463629,31178211.13650937
2025-01-21 19:30:00,106874.8,106878.47,106490.53,106651.05,290.959339,31036585.07794642
2025-01-21 19:15:00,106356.19,106958.99,106255.06,106874.8,358.705078,38227735.56152274
2025-01-21 19:00:00,106850.03,106909.89,106353.65,106356.19,444.604926,47432420.31681933
2025-01-21 18:45:00,106820.54,107098.66,106727.91,106850.03,433.485346,46357110.13373196
2025-01-21 18:30:00,106401.85,107237.35,106252.6,106820.54,905.537328,96782043.70480018
2025-01-21 18:15:00,106098.5,106517.37,106035.42,106401.85,450.294473,47863272.35221549
2025-01-21 18:00:00,106182.53,106252.88,105888.19,106098.5,441.247554,46803908.56091682
2025-01-21 17:45:00,105852.1,106420.28,105806.65,106182.53,789.833335,83797965.62593791
2025-01-21 17:30:00,105682.9,105987.96,105505.6,105852.1,357.954861,37845161.83280176
2025-01-21 17:15:00,105477.46,105823.43,105382.21,105682.9,375.00802,39606434.37075138
2025-01-21 17:00:00,104976.44,105522.81,104886.15,105477.46,354.525526,37271974.18752022
2025-01-21 16:45:00,105119.16,105739.01,104820.98,104976.44,385.492005,40593250.6820465
2025-01-21 16:30:00,105412.5,105871.4,104847.44,105119.16,560.845865,59071176.15701165
2025-01-21 16:15:00,106061.29,106577.4,105219.75,105412.5,1022.628906,108403811.65934583
2025-01-21 16:00:00,103950.99,106338.57,103811.1,106061.29,1092.353826,114883080.03478953
2025-01-21 15:45:00,103803,104032.98,103450.4,103950.99,365.432508,37906469.16523459
2025-01-21 15:30:00,103727.58,104116.5,103350.47,103803,405.372065,42048329.31945351
2025-01-21 15:15:00,103074.53,103815.38,103020.39,103727.58,437.9493,45304578.0904146
2025-01-21 15:00:00,103282.37,103481.9,102809.49,103074.53,636.521452,65614633.41128752
2025-01-21 14:45:00,103755.21,104262.88,103008.4,103282.37,698.793198,72398820.30596567
2025-01-21 14:30:00,105243.4,105332.96,103267,103755.21,977.318881,101596925.08537612
2025-01-21 14:15:00,104542.28,105281.51,104542.28,105243.4,488.463162,51264007.05542145
